title,details URL,price,details,description,phone
"Terraced house in Aravaca, Madrid","https://www.idealista.com//en/inmueble/90117390/","685,000€","3 bed 234 m²","Gilmar offers an extraordinary Townhouse for sale between the nearby stations of Aravaca and Pozuelo. With extraordinary communication wi...","916358073"
"Flat / Apartment in Ibiza, Madrid","https://www.idealista.com//en/inmueble/90071060/","745,000€","2 bed 112 m² Floor 5 exterior with lift","FANTASTIC APARTMENT IN THE NEIGHBORHOOD OF IBIZA TO ENTER TO LIVE. IT CONSISTS OF 112 METERS WITH LIVING ROOM, 2 BEDROOMS, 2 BATHS. EXTER...","916350435"
"Penthouse in Conde Orgaz-Piovera, Madrid","https://www.idealista.com//en/inmueble/39300102/","2,450,000€","5 bed 370 m² Floor 4 exterior with lift","Penthouse of 370m of housing with 200m of terrace with total privacy and maximum qualities. Located in a main artery of the park, it stan...   Luxury","910751659"
"Flat / Apartment in El Viso, Madrid","https://www.idealista.com//en/inmueble/90022865/","1,250,000€","3 bed 170 m² Floor 2 exterior with lift","Great apartment in good condition, located in one of the best areas of Madrid and very well connected. To highlight the luminosity of th...","915775642"
"Flat / Apartment in Ibiza, Madrid","https://www.idealista.com//en/inmueble/89616196/","1,500,000€","4 bed 181 m² Floor 1 exterior with lift","Gilmar Consulting Real Estate sells magnificent luxury home in the best area of the Ibiza neighborhood, overlooking the Retiro Park. The...   Luxury","916350435"
"Flat / Apartment in Cuatro Caminos, Madrid","https://www.idealista.com//en/inmueble/90100888/","380,000€","2 bed 65 m² Floor 4 exterior with lift","Gilmar Consulting Inmobiliaria Castellana-Orense (915830333) offers this fantastic 65 m² apartment of new construction with very good qua...","916353716"
"Terraced house in Ciudad Universitaria, Madrid","https://www.idealista.com//en/inmueble/87868143/","690,000€","5 bed 256 m²","Gilmar Consulting Inmobiliaria Castellana-Orense (915830333) offers this wonderful townhouse for sale in an excellent location, quiet, bu...","916353716"
"Flat / Apartment in calle de Castelló, Recoletos, Madrid","https://www.idealista.com//en/inmueble/88920239/","1,595,000€","5 bed 247 m² Floor 1 exterior with lift","This to reform luxury flat is at Calle de Castelló, 28001, Madrid, Madrid, is in the district of Salamanca, on floor 1. It is a bright fl...","911226814"
"Flat / Apartment in castello, Recoletos, Madrid","https://www.idealista.com//en/inmueble/88935296/","1,595,000€","5 bed 247 m² Floor 1 exterior with lift","Magnificent home in the Recoletos area, between Calle Ayala and Hermosilla. Classic facade building and representative portal of the ear...   Luxury","914899165"
"Flat / Apartment in cuesta de las Descargas, Palacio, Madrid","https://www.idealista.com//en/inmueble/88356768/","540,000€","3 bed 126 m² Floor 3 exterior with lift","Gilmar Consulting Real Estate sells this fantastic home located in the Centro District, Palacio neighborhood, a few meters from Toledo St...","916353741"
"Flat / Apartment in calle de María de Molina, Lista, Madrid","https://www.idealista.com//en/inmueble/89906039/","1,175,000€","5 bed 302 m² Floor 5 exterior with lift","QUARTIERS Real Estate Experts. Agents Inmobiliers Français. Real Estate Services Fantastic house of large dimensions very well located o...","910759315"
"Flat / Apartment in calle de Hernani, Cuatro Caminos, Madrid","https://www.idealista.com//en/inmueble/90112124/","550,000€","2 bed 73 m² Floor 9 exterior with lift","Magnificent flat with views for sale in Cuatro Caminos (Madrid) The property where the house is located has a doorman and a porter servic...","918006403"
"Flat / Apartment in calle José Paulete, Numancia, Madrid","https://www.idealista.com//en/inmueble/88938385/","249,000€","3 bed 137 m² Floor 1 exterior with lift","Great apartment for sale in the Portazgo area, belonging to the Puente de Vallecas district. Good ubication. The house is completely ren...","912666718"
"Flat / Apartment in calle de Castelló, Recoletos, Madrid","https://www.idealista.com//en/inmueble/88889548/","1,595,000€","4 bed 247 m² Floor 1 exterior with lift","In one of the best streets of the prestigious Recoletos area, in a classic estate with porter service, surrounded by all kinds of shops a...","911363092"
"Flat / Apartment in CRUZADA, 1, Palacio, Madrid","https://www.idealista.com//en/inmueble/88903417/","445,000€","1 bed 65 m² Floor 2 exterior with lift","GILMAR CONSULTING REAL ESTATE SELLS APARTMENT TO RELEASE NEWLY REFORMED AND COMPLETELY FURNISHED READY TO ENTER TO LIVE OR RENT. Great a...","916353741"
"Flat / Apartment in CRUZADA, 1, Palacio, Madrid","https://www.idealista.com//en/inmueble/88887786/","470,000€","1 bed 71 m² Floor 2 exterior with lift","GILMAR CONSULTING REAL ESTATE SELLS APARTMENT TO RELEASE NEWLY REFORMED AND COMPLETELY FURNISHED READY TO ENTER TO LIVE OR RENT. Great a...","916353741"
"Flat / Apartment in calle CRUZADA, 1, Palacio, Madrid","https://www.idealista.com//en/inmueble/88887131/","395,000€","1 bed 55 m² Floor 2 exterior with lift","GILMAR CONSULTING REAL ESTATE SELLS APARTMENT TO RELEASE NEWLY REFORMED AND COMPLETELY FURNISHED READY TO ENTER TO LIVE OR RENT. Great a...","916353741"
"Penthouse in calle de Vergara, 1, Palacio, Madrid","https://www.idealista.com//en/inmueble/88509031/","450,000€","1 bed 80 m² Floor 5 exterior with lift","Gilmar Consulting Inmobiliario, Madrid - Zona Centro, sells a beautiful penthouse of approximately 80 meters built (according to cadastre...   Luxury","916353741"
"Flat / Apartment in calle Unión, 1, Palacio, Madrid","https://www.idealista.com//en/inmueble/88309883/","745,000€","3 bed 162 m² Floor 4 exterior with lift","145425 FLAT IN PALACE 3 bedroom apartment in Palacio Magnificent house completely renovated, exterior, in corner with 6 balconies to th...","916353741"
"Flat / Apartment in calle Claudio Coello, Recoletos, Madrid","https://www.idealista.com//en/inmueble/88931918/","1,450,000€","5 bed 231 m² Floor 1 exterior with lift","Unique Real Estate Jorge Juan offers in the Barrio de Salamanca, in the Recoletos area, magnificent housing, a few steps from the Retiro...","911363092"
"Flat / Apartment in Castellana, Madrid","https://www.idealista.com//en/inmueble/89936094/","1,750,000€","4 bed 273 m² Floor 8 exterior with lift","In the heart of the Barrio de Salamanca, a few meters from María de Molina street and located in a building from the 60s, this semi-stati...","915775642"
"Flat / Apartment in calle de Velázquez, El Viso, Madrid","https://www.idealista.com//en/inmueble/86760170/","1,395,000€","4 bed 220 m² Floor 4 exterior with lift","EL VISO REAL ESTATE sells this property: In El Viso, a luxury residential area, one of the most classic and most demanded areas of the c...   Luxury","917365385"
"Flat / Apartment in MANUEL SILVELA, 16, Trafalgar, Madrid","https://www.idealista.com//en/inmueble/89919299/","695,000€","2 bed 126 m² Mezzanine exterior with lift","GILMAR CONSULTING INMOBILIARIO CHAMBERI 915919190 sells exclusively, a house with design reform in a classic Trafalgar estate. The house...   Luxury","916353714"
"Detached house in avenida de Valdemarín, Valdemarín, Madrid","https://www.idealista.com//en/inmueble/36569922/","2,850,000€","7 bed 800 m²","Promora Aravaca is selling an exclusive, recently-built, single-family property with a floor area of 1,200m2 on a 2,500m2 plot in an exce...   Luxury","913570990"
"Flat / Apartment in fuencarral, 22, Chueca-Justicia, Madrid","https://www.idealista.com//en/inmueble/38987694/","1,750,000€","3 bed 396 m² Floor 1 exterior with lift","GRANDES VIVIENDAS REAL ESTATE sells the following property: In Chueca, in the most commercial street of Madrid in the tourist heart and...   Luxury","917365385"
"Flat / Apartment in calle de Américo Castro, Sanchinarro, Madrid","https://www.idealista.com//en/inmueble/89940651/","465,000€","2 bed 100 m² Ground floor exterior with lift","TO BUY. LOW WITH GARDEN. GARAGE. STORAGE ROOM. EXTERIOR. ENTER TO LIVE. SANCHINARRO. NORTH OF MADRID. Gilmar, presents you LOW WITH PRIV...","912173864"
"Flat / Apartment in Las Tablas, Madrid","https://www.idealista.com//en/inmueble/88278396/","530,000€","3 bed 117 m² Floor 3 exterior with lift","Excellent third floor apartment located in Las Tablas with a constructed area of 117m². Located in a gated community with pool, gym, padd...   Luxury","917505555"
"Flat / Apartment in Aravaca, Madrid","https://www.idealista.com//en/inmueble/84864975/","925,000€","5 bed 200 m² Floor 2 exterior with lift","A magnificent 200 m² flat with a 60 m² terrace in a residential part of Aravaca. It is in a pleasant estate with gardens, a paddle tennis...   Luxury","913570990"
"Detached house in Mirasierra, Madrid","https://www.idealista.com//en/inmueble/90074010/","1,870,000€","7 bed 702 m²","GILMAR MIRASIERRA & PUERTA DE HIERRO offers you this attractive independent villa of 702m2 built.Designed by the award-winning and creati...   Luxury","912787208"
"Flat / Apartment in circon, Delicias, Madrid","https://www.idealista.com//en/inmueble/88811126/","660,000€","3 bed 150 m² Floor 1 exterior with lift","Gilmar Consulting Arganzuela Pasillo Verde Real Estate, offers for sale exceptional apartment in newly built urbanization in 2019 and wit...   Luxury","916350423"
"Flat / Apartment in calle Santiago, Palacio, Madrid","https://www.idealista.com//en/inmueble/88662010/","325,000€","1 bed 50 m² Floor 2 exterior with lift","Gilmar Consulting Real Estate sells this fantastic home located in one of the most privileged areas of the capital, Downtown Area, Palace...","916353741"
"Flat / Apartment in calle de Santocildes, Acacias, Madrid","https://www.idealista.com//en/inmueble/88234126/","539,000€","3 bed 115 m² Floor 5 exterior with lift","Magnificent apartment with excellent reform and luxury qualities. Outside, on a high floor and with incredible natural light. It has an...   Luxury","916350423"
"Flat / Apartment in calle de Toledo, Palacio, Madrid","https://www.idealista.com//en/inmueble/87887153/","410,000€","3 bed 96 m² Floor 2 exterior with lift","Gilmar Consulting Inmobiliaria- Centro-Palacio Area - sells, next to the Plaza Mayor in Madrid, a unique house of approximately 96 square...","916353741"
"Flat / Apartment in calle de Valverde, Malasaña-Universidad, Madrid","https://www.idealista.com//en/inmueble/87840040/","490,000€","3 bed 110 m² Floor 1 exterior without lift","Gilmar Consulting Real Estate sells this fantastic apartment located in the University - Malasaña neighborhood, a few meters from Gran Ví...","916353741"
"Flat / Apartment in calle de Valverde, Malasaña-Universidad, Madrid","https://www.idealista.com//en/inmueble/87839945/","325,000€","1 bed 55 m² Floor 1 exterior without lift","Gilmar Consulting Real Estate sells this fantastic apartment located in the University - Malasaña neighborhood, a few meters from Gran Ví...","916353741"
"Flat / Apartment in calle de Moratín, Madrid, Huertas-Cortes, Madrid","https://www.idealista.com//en/inmueble/84678134/","375,000€","3 bed 81 m² Floor 4 interior without lift","Flat in Cortes of 81 m2, 3 bedrooms, 1 bathroom, interior, very bright Fantastic property in the heart of Madrid, a few meters from the...","916353741"
"Flat / Apartment in Ciudad Jardín, Madrid","https://www.idealista.com//en/inmueble/89953299/","425,000€","3 bed 136 m² Ground floor exterior with lift","Beautiful fully renovated 136 m2 apartment, with parquet floors, smooth walls, lacquered doors, central heating with individual meter and...","912669256"
"Flat / Apartment in calle DE QUIÑONES, Malasaña-Universidad, Madrid","https://www.idealista.com//en/inmueble/89809419/","259,000€","1 bed 54 m² Floor 3 exterior without lift","Gilmar consulting real estate chamberi 915919190 sells spectacular apartment of 54 m2 built, exterior, completely renovated, brand new! ....","916353714"
"Duplex in calle de Fúcar, 20, Huertas-Cortes, Madrid","https://www.idealista.com//en/inmueble/88895045/","370,000€","1 bed 60 m² Floor 4 exterior with lift","AS147604 DUPLEX APARTMENT IN CORTES 1 bedroom duplex in Cortes Magnificent duplex with industrial style fantastically located in the ne...","916353741"
"Flat / Apartment in calle de Pelayo, 26, Chueca-Justicia, Madrid","https://www.idealista.com//en/inmueble/88536347/","289,000€","1 bed 44 m² Floor 3 interior without lift","AS146617 APARTMENT IN CHUECA 1 bedroom apartment in Chueca Gilmar Consulting Real Estate presents this magnificent apartment completely...","916353741"
"Duplex in avenida del Papa Negro, NN, Conde Orgaz-Piovera, Madrid","https://www.idealista.com//en/inmueble/87881566/","960,000€","3 bed 320 m² Floor 4 exterior with lift","GILMAR Real Estate Consulting Madrid, Count Orgaz-Campo de las Naciones, sells in this luxurious duplex penthouse with a terrace on the t...   Luxury","910921084"
"Flat / Apartment in paseo del Prado, 14, Huertas-Cortes, Madrid","https://www.idealista.com//en/inmueble/87535127/","430,000€","1 bed 93 m² Floor 4 exterior with lift","AS143181 DUPLEX APARTMENT IN CORTES 1 bedroom duplex in Cortes Magnificent duplex with industrial style fantastically located in the ne...","916353741"
"Flat / Apartment in calle Eros, Legazpi, Madrid","https://www.idealista.com//en/inmueble/90050967/","599,000€","4 bed 156 m² Floor 1 exterior with lift","GILMAR ARGANZUELA / PASILLO VERDE, offers you a magnificent property in a private urbanization in Mendez Alvaro. It has 4 bedrooms and...","916350423"
"Flat / Apartment in GENERAL PARDIÑAS, Lista, Madrid","https://www.idealista.com//en/inmueble/89912240/","1,100,000€","5 bed 202 m² Floor 5 exterior with lift","Spectacular completely exterior house, mostly oriented to the East. Extraordinary 202m2 luxury property currently distributed in 5 bedro...","914899165"
"Flat / Apartment in Sanchinarro, Madrid","https://www.idealista.com//en/inmueble/89941967/","435,000€","2 bed 98 m² Floor 1 exterior with lift","Gilmar Consulting Inmobiliaria (91 217 38 64), offers this exclusive apartment, in the best most modern urbanization in Sanchinarro, wher...","912173864"
"Flat / Apartment in calle de Juan Bravo, Lista, Madrid","https://www.idealista.com//en/inmueble/88859906/","2,200,000€","4 bed 348 m² Floor 2 exterior with lift","This to reform luxury flat is at 28006, Madrid, Madrid, is in the district of SALAMANCA, on floor 2. It is a bright and sunny flat, built...","911226814"
"Flat / Apartment in calle Ruiz Perelló, Guindalera, Madrid","https://www.idealista.com//en/inmueble/88601902/","550,000€","3 bed 130 m² Mezzanine exterior with lift","GUINDALERA-MANUEL BECERRA For sale magnificent apartment completely renovated and brand new in the neighborhood of Guindalera, exterior,...","912669256"
"Flat / Apartment in calle de Serrano, Recoletos, Madrid","https://www.idealista.com//en/inmueble/87714336/","1,475,000€","3 bed 142 m² Floor 1 exterior with lift","This new luxury flat is at Calle de Serrano, 28001, Madrid, Madrid, is in the district of Recoletos, on floor 1. It is a bright and sunny...   Luxury","911226814"
"Flat / Apartment in calle de Alcalá, Recoletos, Madrid","https://www.idealista.com//en/inmueble/86018597/","1,950,000€","4 bed 236 m² Floor 4 exterior with lift","Promora Madrid is selling a 236 m2 flat in the Barrio de Salamanca-Recoletos area. 4 bedrooms - the master is en suite - plus 2 complete...","914310431"
"Penthouse in Conde Orgaz-Piovera, Madrid","https://www.idealista.com//en/inmueble/90129956/","2,450,000€","5 bed 360 m² Floor 5 exterior with lift","QUARTIERS Real Estate Experts. Agents Inmobiliers Français. Real Estate Services QUARTIERS presents a unique home in Conde de Orgaz. Loc...   Luxury","910759315"
"Flat / Apartment in ayala, Recoletos, Madrid","https://www.idealista.com//en/inmueble/88338602/","2,289,000€","5 bed 391 m² Floor 5 exterior with lift","David Salcedo from GV | RECOLETOS sells the following property: In Recoletos, a luxury residential area in Madrid, is this stately home...","917365385"
"Detached house in calle castellon de la plana, El Viso, Madrid","https://www.idealista.com//en/inmueble/87784151/","5,100,000€","9 bed 601 m²","GV | EL VISO sells the following property: In one of the most sought-after streets in Madrid, a large building is built on a plot of 620...","917365385"
"Detached house in calle Peña del Sol, Mirasierra, Madrid","https://www.idealista.com//en/inmueble/26999785/","2,300,000€","6 bed 700 m²","MIRASIERRA REAL ESTATE sells this property: In the most noble part of Mirasierra, and in the heart of it, this classic-style house is bu...   Luxury","917365385"
"Penthouse in calle del Monte Esquinza, Almagro, Madrid","https://www.idealista.com//en/inmueble/85457865/","3,450,000€","6 bed 650 m² Floor 4 exterior with lift","GRANDES VIVIENDAS REAL ESTATE sells this property: In Almagro, one of the quietest luxury residential areas close to the city center, is...   Luxury","917365385"
"Terraced house in Conde Orgaz-Piovera, Madrid","https://www.idealista.com//en/inmueble/89936276/","1,790,000€","5 bed 540 m²","OF ROOMS CONDE ORGAZ REF De Salas presents this excellent home in the Conde de Orgaz Park. Semi-detached house with the best community a...   Luxury","912665287"
"Detached house in Valdemarín, Madrid","https://www.idealista.com//en/inmueble/89815018/","2,500,000€","5 bed 600 m²","600 square metre house with an exclusive design in Valdemarín. Top quality materials, large private garden with swimming pool, excellent...","913570990"
"Penthouse in Valdemarín, Madrid","https://www.idealista.com//en/inmueble/89767111/","1,175,000€","6 bed 300 m² Floor 2 exterior with lift","300 m² duplex penthouse in gated community with pool and paddle, in Valdemarin. Distribution: Entrance hall with a wardrobe closet, a 34...","913570990"
"Flat / Apartment in Recoletos, Madrid","https://www.idealista.com//en/inmueble/88669260/","2,400,000€","4 bed 350 m² Floor 6 exterior with lift","AMBASSADOR VELÁZQUEZ offers a wonderful home located in a classic building dating back to 1900, completely exterior, located in the Recol...","915775642"
"Flat / Apartment in Almagro, Madrid","https://www.idealista.com//en/inmueble/88493649/","980,000€","4 bed 167 m² Floor 2 exterior with lift","Very bright house in a classic building. In need of comprehensive reform Living room with two balconies overlooking the street, four bedr...","915775642"
"Flat / Apartment in calle de Ayala, Goya, Madrid","https://www.idealista.com//en/inmueble/88800926/","1,290,000€","4 bed 163 m² Floor 6 exterior with lift","Wonderful property located in a classic and elegant building from the beginning of the century. It is a very cozy house completely renov...   Luxury","918002638"
"Duplex in Valdemarín, Madrid","https://www.idealista.com//en/inmueble/88601652/","950,000€","4 bed 326 m² Floor 2 exterior with lift","Duplex Penthouse in Valdemarín of 237 m2 with impressive terrace with views. Spacious, very bright, very well maintained urbanization wit...   Luxury","916358073"
"Flat / Apartment in plaza Norte, Ventilla-Almenara, Madrid","https://www.idealista.com//en/inmueble/88573681/","470,000€","3 bed 104 m² Floor 2 exterior with lift","Gilmar Consulting Inmobiliaria Castellana-Orense (915830333) offers this magnificent brand new home for sale in the Cuatro Torres area. I...   Luxury","916353716"
"Duplex in Almagro, Madrid","https://www.idealista.com//en/inmueble/40339159/","1,639,000€","4 bed 256 m² Floor 6 exterior with lift","LuxHOME SELLS ATTIC-DUPLEX WITH TOTAL REFORM TO BRAND NEW. We offer you this exclusive property located in the neighborhood of Almagro, o...   Luxury","914895946"
"Flat / Apartment in Prosperidad, Madrid","https://www.idealista.com//en/inmueble/88588778/","595,000€","3 bed 93 m² Floor 6 exterior with lift","In the street Corazon de María is this splendid house. The house, brand new, completely renovated with excellent materials, is distribut...   Luxury","912669256"
"Duplex in calle Bernardino Obregón, Palos de Moguer, Madrid","https://www.idealista.com//en/inmueble/88952894/","410,000€","3 bed 94 m² Ground floor exterior with lift","GILMAR ARGANZUELA / PASILLO VERDE, offers you this particular duplex property with many possibilities in the heart of Palos de Moguer, cu...","916350423"
"Terraced house in calle de José Rizal, Conde Orgaz-Piovera, Madrid","https://www.idealista.com//en/inmueble/88864191/","1,586,000€","5 bed 416 m²","GILMAR Real Estate Consulting Madrid, Count Orgaz-Campo de las Naciones, markets in one of the best areas of the Parque Conde Orgaz, this...   Luxury","910921084"
"Flat / Apartment in Almagro, Madrid","https://www.idealista.com//en/inmueble/88618306/","420,000€","1 bed 63 m² Mezzanine exterior with lift","BERKSHIRE HATHAWAY HOMESERVICES LARVIA, offers an exclusive, completely renovated apartment at the end of 2019, with very good qualities,...","912771071"
"Flat / Apartment in calle del Caballero de Gracia, Sol, Madrid","https://www.idealista.com//en/inmueble/88231681/","749,000€","2 bed 139 m² Floor 3 exterior with lift","Gilmar Consulting Real Estate sells this fantastic home located in one of the most privileged areas of the capital, within the Centro dis...   Luxury","916353741"
"Penthouse in calle de Cádiz, Sol, Madrid","https://www.idealista.com//en/inmueble/88071469/","395,000€","1 bed 78 m² Floor 4 exterior with lift","Gilmar Consulting Inmobiliaria Madrid, Centro - Sol area, offers you a beautiful penthouse in very good condition, exterior, with terrace...","916353741"
"Flat / Apartment in calle de San Marcos, Chueca-Justicia, Madrid","https://www.idealista.com//en/inmueble/88071109/","1,195,000€","2 bed 234 m² Mezzanine exterior with lift","Gilmar Consulting Real Estate Madrid, Chueca - Justicia area, offers for its clients this beautiful duplex house, of 234 square meters bu...   Luxury","916353741"
"Flat / Apartment in calle de Diego de León, Lista, Madrid","https://www.idealista.com//en/inmueble/87932868/","1,300,000€","4 bed 250 m² Floor 2 exterior with lift","4 bedroom apartment in List Extraordinary property in a good estate of the 60s. Exterior with terrace, to redistribute since its current...","914899165"
"Flat / Apartment in calle de Atocha, Huertas-Cortes, Madrid","https://www.idealista.com//en/inmueble/87827581/","590,000€","3 bed 119 m² Floor 5 exterior with lift","The property is a fifth with elevator, exterior and has two balconies and unobstructed views, has an area of 119 meters built. It current...","916353741"
"Flat / Apartment in calle de Atocha, Huertas-Cortes, Madrid","https://www.idealista.com//en/inmueble/87827589/","285,000€","2 bed 50 m² Floor 5 interior with lift","Apartment 50 meters on the fifth floor inside a very bright apple courtyard, two bedroom kitchen and bathroom renovated. Located in a ce...","916353741"
"Terraced house in Aravaca, Madrid","https://www.idealista.com//en/inmueble/87697209/","1,600,000€","6 bed 308 m²","AMBASSADOR Aravaca (91 740 06 50) "It offers you this bright corner townhouse in the exclusive urbanization of La Rinconada in Aravaca....   Luxury","917400650"
"Flat / Apartment in calle del Barquillo, Chueca-Justicia, Madrid","https://www.idealista.com//en/inmueble/87641837/","795,000€","3 bed 135 m² Floor 3 exterior with lift","Gilmar Consulting Real Estate sells this excellent duplex in Justice area, in one of its main arteries, very close to the Paseo de Recole...   Luxury","916353741"
"Semi-detached house in calle Julián Hernández, Conde Orgaz-Piovera, Madrid","https://www.idealista.com//en/inmueble/87440844/","1,590,000€","5 bed 391 m²","GILMAR Real Estate Consulting Madrid, Count Orgaz-Campo de las Naciones, commercializes this luxurious couplet of 391 m2 in Count Orgaz.b...   Luxury","910921084"
"Flat / Apartment in avenida de los Madroños, Conde Orgaz-Piovera, Madrid","https://www.idealista.com//en/inmueble/87229251/","2,800,000€","5 bed 677 m² Ground floor exterior with lift","GILMAR Real Estate Consulting Madrid, Count Orgaz-Campo de las Naciones, markets in the heart of Count Orgaz of the construction company...   Luxury","910921084"
"Flat / Apartment in El Viso, Madrid","https://www.idealista.com//en/inmueble/86542842/","1,395,000€","4 bed 220 m² Floor 4 exterior with lift","Good apartment located in a great residential area very quiet, well connected and with all kinds of services nearby. Located in an enclos...   Luxury","915775642"
"Flat / Apartment in calle de Goya, Goya, Madrid","https://www.idealista.com//en/inmueble/85803494/","800,000€","3 bed 159 m² Floor 1 exterior with lift","Apartment with 3 bedrooms in Goya Beautiful exterior building, in a classic building with original moldings and high ceilings, located i...   Luxury","914899165"
"Flat / Apartment in calle de José Abascal, Almagro, Madrid","https://www.idealista.com//en/inmueble/85690346/","1,850,000€","4 bed 340 m² Floor 7 exterior with lift","Gilmar consulting real estate 915919190 sells a house with an incredible light in all its rooms, characterized by having large spaces and...","916353714"
"Duplex in calle de Claudio Coello, Recoletos, Madrid","https://www.idealista.com//en/inmueble/85228085/","1,460,000€","3 bed 150 m² Floor 5 interior with lift","Triplex with 3 bedrooms in Recoletos. Spectacular luxury triplex with solarium terrace with jacuzzi in the best area of the Salamanca di...","914899165"
"Flat / Apartment in calle de Alcalá, 135, Goya, Madrid","https://www.idealista.com//en/inmueble/85192202/","1,150,000€","2 bed 181 m² Floor 2 exterior with lift","Great apartment for sale in the street Alcalá. Very good location, right in the center of Madrid. The house is located on the second flo...   Luxury","912666718"
"Flat / Apartment in plaza de Manuel Becerra, Madrid, Goya, Madrid","https://www.idealista.com//en/inmueble/83526598/","265,000€","1 bed 28 m² Floor 5 interior with lift","1 bedroom apartment in Manuel Becerra Impeccable apartment in a super commercial area and superbly communicated. Exterior on the first f...","914899165"
"Flat / Apartment in calle de Juan Bravo, Madrid, Lista, Madrid","https://www.idealista.com//en/inmueble/82351447/","585,000€","2 bed 75 m² Floor 2 exterior with lift","Very bright house, courtyard garden, so it is also very quiet, modern building with good portal, next to Conde Peñalver. It has an area...   Luxury","914899165"
"Terraced house in calle de Marbella, Mirasierra, Madrid","https://www.idealista.com//en/inmueble/39079866/","1,330,000€","5 bed 380 m²","GILMAR Mirasierra-Puerta del Hierro offers this spectacular terraced house located in an ideal point within the neighborhood of Mirasierr...   Luxury","912787208"
"Flat / Apartment in calle de O'Donnell, Recoletos, Madrid","https://www.idealista.com//en/inmueble/89970291/","1,650,000€","3 bed 180 m² Floor 7 exterior with lift","Impressive VIEWS, "FRONT LINE" RETIRO, above the trees, you can see the entire skyline of Madrid, GARAGE plaza in the same building, with...","912171452"
"Flat / Apartment in calle Velázquez, Recoletos, Madrid","https://www.idealista.com//en/inmueble/89903426/","4,200,000€","6 bed 420 m² Floor 6 exterior with lift","6th floor with VIEWS above the trees, in the best section of Calle Velázquez, very close to Goya. Garage in the same building. Only one f...   Luxury","912171452"
"Terraced house in calle Olimpo, Conde Orgaz-Piovera, Madrid","https://www.idealista.com//en/inmueble/38223197/","1,250,000€","5 bed 360 m²","Ref. 01169. SPI REAL ESTATE, manages this splendid semi-detached house in a corner, in an impeccable condition, large spaces and with lot...   Luxury","914871327"
"Penthouse in calle de Máiquez, Ibiza, Madrid","https://www.idealista.com//en/inmueble/89764946/","840,000€","3 bed 147 m² Floor 6 exterior with lift","Great house in the Ibiza-Retiro area It consists of 147 meters that are divided into: -A large living room with terrace -Three bedrooms...   Luxury","912666718"
"Terraced house in Concepción, Madrid","https://www.idealista.com//en/inmueble/87143460/","845,000€","4 bed 250 m²","Extraordinary property in Arturo Soria. Semi-detached house in the residential street Hernández Iglesias, 50 meters from Arturo Soria. H...   Luxury","912669256"
"Flat / Apartment in Ibiza, Madrid","https://www.idealista.com//en/inmueble/90111286/","550,000€","3 bed 111 m² Floor 1 exterior with lift","Gilmar Consulting Inmobiliario sells exclusive outdoor housing in Ibiza, completely renovated in high quality materials and design. The a...","916350435"
"Detached house in Aravaca, Madrid","https://www.idealista.com//en/inmueble/89414244/","2,500,000€","9 bed 640 m²","An exclusive 640 m² detached villa on a 1,005 m² plot in the residential district of Aravaca, Colonia Camarines. An excellent location ne...   Luxury","913570990"
"Semi-detached house in Aravaca, Madrid","https://www.idealista.com//en/inmueble/88936852/","1,090,000€","5 bed 370 m²","Promora Aravaca is selling this impeccable 370m² terraced corner property with a 150m2 garden in Aravaca. It is on a private estate with...","913570990"
"Semi-detached house in Aravaca, Madrid","https://www.idealista.com//en/inmueble/36750609/","1,390,000€","6 bed 350 m²","Promora is selling an impeccable terraced property measuring 350m2 on a 500m2 plot on a private residential estate, with a private pool a...   Luxury","913570990"
"Terraced house in Conde Orgaz-Piovera, Madrid","https://www.idealista.com//en/inmueble/88372191/","1,350,000€","4 bed 370 m²","Magnificent location of this semi-detached house located in a very quiet street next to the Park and with beautiful views from all its ro...   Luxury","912665287"
"Semi-detached house in Conde Orgaz-Piovera, Madrid","https://www.idealista.com//en/inmueble/88274010/","1,675,000€","5 bed 384 m²","OF CONDE ORGAZ ROOMS REF: MAV02345 De Salas Real Estate Consultants presents for sale this wonderful semi-detached house of luxury, impec...   Luxury","912665287"
"Detached house in Conde Orgaz-Piovera, Madrid","https://www.idealista.com//en/inmueble/86220335/","2,150,000€","7 bed 447 m²","OF SALAS CONDE ORGAZ REF: MAV02290 De Salas Consultores Inmobiliarios presents this magnificent home located in one of the most valued st...   Luxury","912665287"
"Detached house in Aravaca, Madrid","https://www.idealista.com//en/inmueble/87036961/","1,280,000€","4 bed 420 m²","A 420 m² detached villa on a charming 574 m² plot in the residential area of Aravaca. It is located near the town, top schools, and enjo...   Luxury","913570990"
"Flat / Apartment in Valdemarín, Madrid","https://www.idealista.com//en/inmueble/28726073/","1,620,000€","4 bed 225 m² Ground floor exterior with lift","Brand new 220m² ground floor property in a 250m² garden in the Valdemarín district, Aravaca. Private residential estate with garden, pool...   Luxury","913570990"
"Flat / Apartment in Aravaca, Madrid","https://www.idealista.com//en/inmueble/39763309/","965,000€","6 bed 207 m² Ground floor exterior","PROMORA ARAVACA IS SELLING: A fabulous ground-floor property with a garden at the “Camino del Barrial” residential estate. It is locate...   Luxury","913570990"
"Penthouse in Valdemarín, Madrid","https://www.idealista.com//en/inmueble/86504181/","870,000€","4 bed 240 m² Floor 2 exterior with lift","An exclusive 240 m² duplex penthouse with a wonderful terrace on a private estate with communal facilities near the Valdemarín shopping a...   Luxury","913570990"
"Detached house in Aravaca, Madrid","https://www.idealista.com//en/inmueble/86188760/","1,475,000€","6 bed 475 m²","An exclusive 450 m² single-family villa on a charming plot of land with a private pool in Colonia Diplomáticos, Aravaca. The layout is a...   Luxury","913570990"
"Flat / Apartment in Valdemarín, Madrid","https://www.idealista.com//en/inmueble/86083869/","890,000€","4 bed 195 m² Floor 1 exterior with lift","A 215 m² flat with an 18 m² terrace in Valdemarín, Aravaca. A private residential estate with concierge, gardens, a pool, a meeting room,...   Luxury","913570990"
"Detached house in Valdemarín, Madrid","https://www.idealista.com//en/inmueble/82294595/","1,680,000€","4 bed 420 m²","A 370 m² single family villa on an 816 m² plot in Valdemarín with a saltwater pool and gazebo. Main floor: Hall with guest toilet, living...   Luxury","913570990"
"Flat / Apartment in Valdemarín, Madrid","https://www.idealista.com//en/inmueble/28726642/","955,000€","4 bed 155 m² Floor 1 exterior with lift","155 m² property with a 20 m² terrace in the Valdemarín area, Aravaca. Private residential estate with garden, pool, doorman and 24-hour s...   Luxury","913570990"
"Detached house in Valdemarín, Madrid","https://www.idealista.com//en/inmueble/84664491/","1,470,000€","5 bed 300 m²","A 2,800 m² plot of land with a 300 m² house. The layout is as follows: The main floor (approx. 175 m²) consists of a semi-open living roo...   Luxury","913570990"
"Penthouse in Aravaca, Madrid","https://www.idealista.com//en/inmueble/84032724/","1,370,000€","5 bed 280 m² Floor 2 exterior with lift","An exclusive 280 m² duplex penthouse on a private estate with gardens, a pool and gatekeeper. An excellent location near the town, facili...   Luxury","913570990"
"Semi-detached house in Aravaca, Madrid","https://www.idealista.com//en/inmueble/82878698/","850,000€","6 bed 410 m²","Promora Aravaca is EXCLUSIVELY selling a 410 m² terraced property on a 210 m² plot in the residential area of Aravaca. Very close to the...   Luxury","913570990"
"Flat / Apartment in Chueca-Justicia, Madrid","https://www.idealista.com//en/inmueble/89956618/","1,330,000€","3 bed 177 m² Floor 3 exterior with lift","Berkshire Hathaway HomeServices LARVIA, offers exclusive 177-meter cadastral home completely renovated. It is located on the third floor...   Luxury","912771071"
"Semi-detached house in Fuentelarreina, Madrid","https://www.idealista.com//en/inmueble/89951172/","1,087,000€","4 bed 500 m²","Townhouse in urbanization in Puerta de Hierro recently renovated. It has four bedrooms and four bathrooms en suite, a guest toilet. Distr...   Luxury","912660850"
"Flat / Apartment in Trafalgar, Madrid","https://www.idealista.com//en/inmueble/89927560/","1,350,000€","3 bed 165 m² Floor 3 exterior with lift","Berkshire Hathaway HomeServices LARVIA, offers exclusive three-bedroom house on 165 square meters of land completely renovated. It is loc...   Luxury","912771071"
"Flat / Apartment in Bernabéu-Hispanoamérica, Madrid","https://www.idealista.com//en/inmueble/89837401/","1,550,000€","4 bed 220 m² Floor 8 exterior with lift","Great apartment located in an area very well connected and with all kinds of services nearby. With magnificent reform of the year 2018,...   Luxury","915775642"
"Semi-detached house in Conde Orgaz-Piovera, Madrid","https://www.idealista.com//en/inmueble/89786592/","1,275,000€","5 bed 324 m²","QUARTIERS Real Estate Experts. Agents Inmobiliers Français. Real Estate Services Quartiers presents this fantastic semi-detached villa w...   Luxury","910759315"
"Duplex in San Juan Bautista, Madrid","https://www.idealista.com//en/inmueble/89044745/","650,000€","3 bed 180 m² Floor 13 exterior with lift","In one of the best farms in the area, we present this wonderful duplex penthouse, with spectacular views of Madrid. Beautiful penthouse...   Luxury","916356954"
"Flat / Apartment in calle de Santa Cruz de Marcenado, Malasaña-Universidad, Madrid","https://www.idealista.com//en/inmueble/87179457/","1,190,000€","4 bed 178 m² Floor 5 exterior with lift","QUARTIERS Real Estate Experts. Agents Inmobiliers Français. Real Estate Services Quartiers presents EXCLUSIVELY a unique home located in...","910759315"
"Flat / Apartment in Recoletos, Madrid","https://www.idealista.com//en/inmueble/89845434/","1,475,000€","4 bed 197 m² Floor 2 exterior with lift","In Recoletos, the most exclusive space in the Salamanca District, Única Inmobiliaria presents a house a few meters from Velazquez Street,...   Luxury","911363092"
"Flat / Apartment in calle Juan de Mena, Jerónimos, Madrid","https://www.idealista.com//en/inmueble/85681772/","1,998,000€","3 bed 253 m² Floor 3 exterior with lift","In the most exclusive and quiet area of Madrid, Los Jerónimos, Unique Real Estate presents exclusive housing located in a classic estate...   Luxury","911363092"
"Flat / Apartment in calle del General Oraá, Lista, Madrid","https://www.idealista.com//en/inmueble/89143742/","1,195,000€","3 bed 214 m² Floor 1 exterior with lift","This to reform flat is at 28006, Madrid, Madrid, is in the district of SALAMANCA, on floor 1. It is a bright and sunny flat, built in 197...   Luxury","911226814"
"Flat / Apartment in avenida de Bonn, Guindalera, Madrid","https://www.idealista.com//en/inmueble/88875533/","489,000€","3 bed 139 m² Floor 1 exterior with lift","Magnificent apartment of 139 meters built in Parque de las Avenidas. It is distributed in three bedrooms and two bathrooms, large living...","912669256"
"Flat / Apartment in San Agustín, Huertas-Cortes, Madrid","https://www.idealista.com//en/inmueble/88810335/","1,200,000€","3 bed 148 m² Floor 3 exterior with lift","Engel & Völkers presents this splendid exterior apartment on the third floor of a representative building. Fully renovated in 2003, it da...   Luxury","914892842"
"Flat / Apartment in calle del Padre Claret, Prosperidad, Madrid","https://www.idealista.com//en/inmueble/88757728/","695,000€","4 bed 135 m² Floor 13 exterior with lift","AVENUE OF AMERICA - PROSPERITY For sale this magnificent super bright apartment with incredible views on the 13th floor in gated communi...   Luxury","912669256"
"Flat / Apartment in calle Serrano, Recoletos, Madrid","https://www.idealista.com//en/inmueble/88722669/","5,000,000€","4 bed 379 m² Floor 4 exterior with lift","UNICA Inmobiliaria offers in Calle Serrano, in the best area of Recoletos, in the Barrio de Salamanca, this spectacular home with brand n...   Luxury","911363092"
"Flat / Apartment in Goya, Recoletos, Madrid","https://www.idealista.com//en/inmueble/88550915/","2,400,000€","5 bed 350 m² Floor 6 exterior with lift","Engel & Völkers, luxury real estate agency, sells this exterior home for comprehensive refurbishment with excellent distribution possibil...","914892842"
"Flat / Apartment in calle de Antonio López, Almendrales, Madrid","https://www.idealista.com//en/inmueble/88084633/","291,000€","3 bed 76 m² Floor 14 exterior with lift","Emblematic building, corner of Antonio López, M-30 entrance and Legazpi bridge, views of Madrid-Rio, Matadero, etc.. . Very good communi...","912666718"
"Flat / Apartment in calle de Ocaña, Aluche, Madrid","https://www.idealista.com//en/inmueble/88061289/","355,000€","4 bed 153 m² Floor 4 exterior with lift","Apartment in Aluche of 140 m2, 4 bedrooms, 2 bathrooms, exterior, bright, 1 garage and separate lounge Gilmar Madrid-Río (913643800) pre...","911362098"
"Flat / Apartment in calle del Príncipe de Vergara, El Viso, Madrid","https://www.idealista.com//en/inmueble/87925712/","1,250,000€","4 bed 250 m² Floor 2 exterior with lift","Promora Madrid is selling a 250 m2 flat in the Barrio de Chamartín-Viso area. 3 bedrooms plus 1 for the staff, all en suite. Concierge. A...   Luxury","914310431"
"Flat / Apartment in calle de Echegaray, Huertas-Cortes, Madrid","https://www.idealista.com//en/inmueble/87897789/","975,000€","3 bed 160 m² Floor 1 exterior with lift","Excellent renovated apartment, with charm in Cortes, ”Barrio de las Letras” Engel & Volkers presents this magnificent 160 m2 apartment, l...   Luxury","914892842"
"Flat / Apartment in calle Lagasca, Recoletos, Madrid","https://www.idealista.com//en/inmueble/87711216/","1,450,000€","2 bed 152 m² Floor 4 exterior with lift","The best location in the Barrio de Salamanca, near the peace market, with luxury qualities. Large living room in 3 rooms with 3 balconies...   Luxury","912171452"
"Flat / Apartment in calle de Ayala, Goya, Madrid","https://www.idealista.com//en/inmueble/87643230/","1,200,000€","5 bed 304 m² Floor 4 exterior with lift","In Goya Unique Real Estate area sells 300 m² property to reform, located in the building of the year 1960 and a few minutes from the comm...","911363092"
"Detached house in avenida Carondelet, Conde Orgaz-Piovera, Madrid","https://www.idealista.com//en/inmueble/87573899/","1,290,000€","5 bed 445 m²","INDEPENDENT Chalet within PARQUE CONDE DE ORGAZ, the state of this property is ideal for the new buyer to customize it to your liking, as...","912171452"
"Detached house in avenida de Valdemarin, Valdemarín, Madrid","https://www.idealista.com//en/inmueble/87542311/","2,850,000€","7 bed 1,200 m²","Engel & Völkers presents this exclusive detached single-family house, which allows you to enjoy great privacy and intimacy, of more than...   Luxury","914892842"
"Flat / Apartment in calle Ancora, Palos de Moguer, Madrid","https://www.idealista.com//en/inmueble/87374524/","499,000€","4 bed 145 m² Floor 3 exterior with lift","Apartment for sale in the area of Palos de Moguer, belonging to the district of Arganzuela. Needs renovation. It is located on the third...","912666718"
"Penthouse in calle de Diego de León, Madrid, Castellana, Madrid","https://www.idealista.com//en/inmueble/84067305/","1,450,000€","5 bed 211 m² Floor 8 exterior with lift","In the neighborhood of Salamanca, in the area of Castellana very close to the Serrano area, spectacular 186 m2 floor to reform. Emphasize...","911363092"
"Flat / Apartment in calle del Pinar, Castellana, Madrid","https://www.idealista.com//en/inmueble/87065560/","1,495,000€","3 bed 230 m² Ground floor exterior with lift","Brand new, classic and representative building, distributed as follows: Large living room, kitchen with island, toilet, 3 bedrooms with...   Luxury","912171452"
"Detached house in ronda Abubilla, Conde Orgaz-Piovera, Madrid","https://www.idealista.com//en/inmueble/86415165/","2,900,000€","5 bed 1,100 m²","This villa is at Madrid, Madrid, is in the district of Conde de Orgaz. It is a villa, built in 1976, that has 1090 m2. Inmobiliaria en M...   Luxury","911226814"
"Flat / Apartment in calle del Príncipe de Vergara, Castellana, Madrid","https://www.idealista.com//en/inmueble/86413970/","880,000€","3 bed 132 m² Floor 1 exterior with lift","Promora is selling a wonderful updated flat in the Barrio de Salamanca-Castellana area consisting of 3 bedrooms, 2 bathrooms, and a conci...   Luxury","914310431"
"Duplex in Alfonso X, Almagro, Madrid","https://www.idealista.com//en/inmueble/86340754/","2,695,000€","4 bed 335 m² Floor 5 exterior with lift","Luxury duplex penthouse in Almagro Engel & Völkers presents us this wonderful luxury duplex penthouse, in the heart of Almagro, one of t...   Luxury","914892842"
"Flat / Apartment in Alfonso X, Almagro, Madrid","https://www.idealista.com//en/inmueble/86307533/","1,940,000€","3 bed 260 m² Floor 4 exterior with lift","Luxury housing in Almagro Engel&Völkers is proud to present this wonderful luxury home, located in the heart of Almagro district, one of...   Luxury","914892842"
"Flat / Apartment in Francisco Silvela, El Viso, Madrid","https://www.idealista.com//en/inmueble/86306600/","1,160,000€","4 bed 216 m² Floor 6 exterior with lift","Magnificent 216 sqm apartment on sale in El Viso Engel & Völkers offers a magnificent flat in an exclusive building that stands out for...","914892842"
"Flat / Apartment in calle de Ayala, Recoletos, Madrid","https://www.idealista.com//en/inmueble/86271796/","4,350,000€","5 bed 404 m² Floor 2 exterior with lift","Promora Madrid is selling a 404 m2 flat in the Barrio de Salamanca-Recoletos area. 4 en suite bedrooms plus one for the staff, plus a bat...   Luxury","914310431"
"Flat / Apartment in calle de Ayala, Recoletos, Madrid","https://www.idealista.com//en/inmueble/86271385/","4,350,000€","5 bed 483 m² Floor 2 exterior with lift","This new luxury flat is at Calle de Ayala, 28001, Madrid, Madrid, is in the district of RECOLETOS, on floor 2. It is a bright and sunny f...   Luxury","911226814"
"Terraced house in calle de Marbella, Mirasierra, Madrid","https://www.idealista.com//en/inmueble/86180168/","1,330,000€","4 bed 383 m²","Terraced house (the best urbanization of Mirasierra townhouses), with premium qualities, COMMON AREAS of garden and pool, SECURITY checkp...   Luxury","912171452"
"Detached house in calle Alfonso Rodríguez Santamaría, El Viso, Madrid","https://www.idealista.com//en/inmueble/86173811/","3,500,000€","5 bed 469 m²","Promora Madrid is selling an updated villa in Barrio de Chamartín, El Viso area. 3 floors, a gross surface area of 469 m2, 5 bedrooms, 4...   Luxury","914310431"
"Duplex in Triana, Nueva España, Madrid","https://www.idealista.com//en/inmueble/84630798/","1,695,000€","3 bed 247 m² Floor 3 exterior with lift","Duplex penthouse in building with garden and pool. 50m2 terrace. Recently renovated in an integral way. Heating on the ground, air condit...   Luxury","912171452"
"Flat / Apartment in paseo del General Martínez Campos, Almagro, Madrid","https://www.idealista.com//en/inmueble/85397192/","2,800,000€","4 bed 343 m² Floor 6 exterior with lift","This reformed luxury flat is at Paseo del General Martínez Campos, 28010, Madrid, Madrid, is in the district of CHAMBERI, on floor 6. It...   Luxury","911226814"
"Flat / Apartment in calle Alfonso Rodríguez Santamaría, El Viso, Madrid","https://www.idealista.com//en/inmueble/85052580/","750,000€","1 bed 81 m² Floor 1 exterior with lift","Promora Madrid is selling an 81 square metre flat in El Viso. A living-dining room with a terrace, 1 bedroom, 1 bathroom, and a kitchen....   Luxury","914310431"
"Duplex in calle de José Bastos, Madrid, Valdemarín, Madrid","https://www.idealista.com//en/inmueble/84946902/","1,895,000€","5 bed 303 m² Floor 2 exterior with lift","PENTHOUSE, in the prestigious urbanization of Single Home, with 24 hour security, bordering El Pardo, with hypnotic views to all the moun...   Luxury","912171452"
"Flat / Apartment in calle Entrepeñas, Ensanche de Vallecas - La Gavia, Madrid","https://www.idealista.com//en/inmueble/84649734/","339,000€","3 bed 120 m² Floor 3 exterior with lift","Great floor in Entrepeñas street, in Ensanche de Vallecas. It is exterior and has plenty of natural light to be on the third floor and wi...","912666718"
"Flat / Apartment in calle de Hermosilla, Recoletos, Madrid","https://www.idealista.com//en/inmueble/82143868/","2,100,000€","5 bed 300 m² Floor 3 exterior with lift","Promora Madrid is selling a flat in the Salamanca-Recoletos area. An unbeatable location. A classic building from the 1920s. It consists...","914310431"
"Flat / Apartment in calle de José Abascal, Almagro, Madrid","https://www.idealista.com//en/inmueble/81863397/","1,599,000€","3 bed 193 m² Floor 2 exterior with lift","Promora Madrid vende piso de 193 metros, a estrenar, en Almagro. Hall de entrada, aseo de cortesía, salón, 3 dormitorios principales, 2 c...   Luxury","914310431"
"Flat / Apartment in calle de Núñez de Balboa, Recoletos, Madrid","https://www.idealista.com//en/inmueble/39704049/","1,120,000€","3 bed 130 m² Floor 3 exterior with lift","Exclusive housing of new construction in the heart of the Barrio de Salamanca. Next to the Parque del Retiro we find this house in a beau...   Luxury","911363092"
"Flat / Apartment in calle de Ayala, Recoletos, Madrid","https://www.idealista.com//en/inmueble/37878623/","1,750,000€","3 bed 185 m² Floor 5 exterior with lift","We present housing with magnificent location a few steps from Serrano Street, located in a modern building with a representative portal a...   Luxury","911363092"
"Flat / Apartment in calle Alcala, Recoletos, Madrid","https://www.idealista.com//en/inmueble/28809252/","1,950,000€","4 bed 236 m² Floor 4 exterior with lift","Exclusive apartment with luxury reform, located on a fourth floor of building with beautiful listed facade and stately portal with porter...   Luxury","911363092"
"Flat / Apartment in Pacífico, Madrid","https://www.idealista.com//en/inmueble/89745992/","520,000€","4 bed 124 m² Floor 2 exterior with lift","Apartment in Pacífico of 124 m2, 4 bedrooms, 3 bathrooms, kitchen, terrace of 8.00 meters, exterior, very bright, south facing and indepe...","916350435"
"Semi-detached house in Ciudad Jardín, Madrid","https://www.idealista.com//en/inmueble/88386334/","1,175,000€","6 bed 292 m²","TOWNHOUSE IN CIUDAD JARDÍN 4 bedroom terraced house in Ciudad Jardín Wonderful townhouse, located in a quiet enclave and at the same tim...   Luxury","912669256"
"Flat / Apartment in Palomas, Madrid","https://www.idealista.com//en/inmueble/89728873/","715,000€","3 bed 135 m² Floor 4 exterior with lift","DE SALAS CONDE ORGAZ REF: MAV02369 De Salas Consultores Inmobiliarios presents this apartment for sale located in one of the most beautif...   Luxury","912665287"
"Flat / Apartment in Castellana, Madrid","https://www.idealista.com//en/inmueble/88427611/","2,285,000€","5 bed 416 m² Floor 6 exterior with lift","Magnificent floor by floor, in the Barrio de Salamanca, a few meters from Serrano Street and located in a 1961 building with a very good...","915775642"
"Duplex in Conde Orgaz-Piovera, Madrid","https://www.idealista.com//en/inmueble/89402668/","1,180,000€","3 bed 220 m² Floor 4 exterior with lift","QUARTIERS Real Estate Experts. Agents Inmobiliers Français. Real Estate Services We present a unique home in Conde de Orgaz. Brand new f...   Luxury","910759315"
"Flat / Apartment in Chueca-Justicia, Madrid","https://www.idealista.com//en/inmueble/83587722/","490,000€","1 bed 66 m² Floor 2 exterior without lift","Luxury apartment, with a brand new reform, in one of the most demanded areas of Madrid. In the Chueca neighborhood, unique and vibrant sp...   Luxury","912771071"
"Terraced house in Mirasierra, Madrid","https://www.idealista.com//en/inmueble/88909518/","1,187,000€","5 bed 370 m²","Terraced house with 290 m² built, enjoying a wonderful 60 m² private garden, a fabulous porch, and a shared pool with the other three vil...   Luxury","912660850"
"Terraced house in San Pascual, Madrid","https://www.idealista.com//en/inmueble/88828205/","750,000€","4 bed 200 m²","halet next to the Arturo Soria Plaza Shopping Center. The villa is distributed in an entrance hall that leads to the living room with acc...   Luxury","910751659"
"Flat / Apartment in Castellana, Madrid","https://www.idealista.com//en/inmueble/88530233/","3,100,000€","5 bed 384 m² Floor 5 exterior with lift","AMBASSADOR VELÁZQUEZ offers spectacular apartment, completely renovated by a prestigious architectural studio and located in the Salamanc...   Luxury","915775642"
"Flat / Apartment in Recoletos, Madrid","https://www.idealista.com//en/inmueble/88488362/","4,250,000€","6 bed 383 m² Floor 5 exterior with lift","AMBASSADOR VELÁZQUEZ offers spectacular apartment in the Recoletos neighborhood and located in one of the most emblematic streets of the...","915775642"
"Flat / Apartment in Nueva España, Madrid","https://www.idealista.com//en/inmueble/88481917/","1,699,000€","5 bed 360 m² Floor 2 exterior with lift","Great apartment in exclusive building with stately portal. Community areas of pool and gardens two parking spaces and storage, central he...","915775642"
"Flat / Apartment in Recoletos, Madrid","https://www.idealista.com//en/inmueble/85183248/","2,100,000€","4 bed 300 m² Floor 3 exterior with lift","Fantastic apartment located in the neighborhood of Salamanca, located in a classic building very careful and with great portal. The curr...","915775642"
"Flat / Apartment in Recoletos, Madrid","https://www.idealista.com//en/inmueble/88424957/","2,450,000€","4 bed 247 m² Floor 4 exterior with lift","Berkshire Hathaway HomeServices LARVIA, sells the sale of a spectacular luxury home fully renovated and furnished, currently in profitabi...","912771071"
"Flat / Apartment in Recoletos, Madrid","https://www.idealista.com//en/inmueble/88366528/","3,650,000€","3 bed 251 m² Floor 4 exterior with lift","AMBASSADOR VELÁZQUEZ offers in the heart of the Barrio de Salamanca, in the Recoletos area is this magnificent home. The house was comple...   Luxury","915775642"
"Duplex in Costillares, Madrid","https://www.idealista.com//en/inmueble/88145350/","1,250,000€","5 bed 279 m² Floor 14 exterior with lift","Ambassador Conde Orgaz offers you this exclusive and bright duplex penthouse within one of the most requested urbanizations of Costillare...   Luxury","913005050"
"Semi-detached house in Aravaca, Madrid","https://www.idealista.com//en/inmueble/88081398/","1,400,000€","5 bed 500 m²","AMBASSADOR Aravaca (91 740 06 50) "It offers you this magnificent couplet of 500m in Aravaca, very well connected to the urban center, sc...   Luxury","917400650"
"Flat / Apartment in Colina, Madrid","https://www.idealista.com//en/inmueble/87838399/","1,395,000€","6 bed 280 m² Floor 1 exterior with lift","OF CONDE ORGAZ ROOMS REF: MAV02336 De Salas Real Estate Consultants presents for sale this 225 m2 apartment located in a magnificent area...   Luxury","912665287"
"Flat / Apartment in Colina, Madrid","https://www.idealista.com//en/inmueble/87820399/","1,395,000€","6 bed 350 m² Floor 1 exterior with lift","SUMA Arturo Soria-Conde de Orgaz offers this property with Ref. 13278. Beautiful apartment completely renovated in its entirety with the...   Luxury","910751659"
"Flat / Apartment in Castellana, Madrid","https://www.idealista.com//en/inmueble/87814832/","2,280,000€","3 bed 231 m² Floor 5 exterior with lift","AMBASSADOR VELÁZQUEZ offers a completely renovated apartment located a few meters from Serrano Street and Paseo de la Castellana. In a cl...   Luxury","915775642"
"Semi-detached house in Salvador, Madrid","https://www.idealista.com//en/inmueble/87773043/","880,000€","4 bed 258 m²","OF CONDE ORGAZ ROOMS REF: MAV02334 De Salas Real Estate Consultants presents this semi-detached house for sale located in a very nice re...   Luxury","912665287"
"Detached house in Aravaca, Madrid","https://www.idealista.com//en/inmueble/87727383/","3,000,000€","8 bed 1,038 m²","AMBASSADOR Aravaca (91 740 06 50) "It offers this stately home in an unbeatable location in Aravaca, Diplomatic area. Construction of 19...","917400650"
"Detached house in Mirasierra, Madrid","https://www.idealista.com//en/inmueble/87587840/","1,350,000€","5 bed 587 m²","GV | MIRASIERRA REAL ESTATE sells the following property: In Mirasierra, we find an independent villa of 587 square meters that stands o...","917365385"
"Detached house in Conde Orgaz-Piovera, Madrid","https://www.idealista.com//en/inmueble/87567634/","4,300,000€","10 bed 1,380 m²","Ambassador Conde Orgaz offers you this exclusive individual villa, on a plot of 1755m². It stands out for the breadth of all spaces. It i...","913005050"
"Semi-detached house in Conde Orgaz-Piovera, Madrid","https://www.idealista.com//en/inmueble/87497833/","1,790,000€","6 bed 540 m²","Ambassador offers you this opportunity to live in a couplet with communal pool located in one of the quietest areas of Conde Orgaz. Its d...","913005050"
"Flat / Apartment in Recoletos, Madrid","https://www.idealista.com//en/inmueble/87263067/","3,500,000€","4 bed 316 m² Floor 3 exterior with lift","Berkshire Hathaway Home Services Larvia markets the sale of this spectacular exterior luxury apartment of approximately 316 square meters...   Luxury","912771071"
"Detached house in Valdemarín, Madrid","https://www.idealista.com//en/inmueble/36564222/","2,850,000€","7 bed 1,200 m²","Single-family house in Valdemarín with high quality construction. Distributed on one floor and fantastic location Entrance hall with larg...   Luxury","917400650"
"Flat / Apartment in Goya, Madrid","https://www.idealista.com//en/inmueble/87208834/","1,970,000€","7 bed 329 m² Floor 5 exterior with lift","Fantastic apartment, large, located in the Salamanca district, between Ayala and Hermosilla. The distribution is as follows; large entra...","915775642"
"Duplex in Almagro, Madrid","https://www.idealista.com//en/inmueble/87139953/","2,695,000€","3 bed 335 m² Floor 5 exterior with lift","In the heart of Chamberí in a fully rehabilitated building is this wonderful duplex penthouse Highlights its high qualities and design. W...   Luxury","915775642"
"Detached house in El Plantío, Madrid","https://www.idealista.com//en/inmueble/86989485/","2,750,000€","8 bed 844 m²","A unique 800 m² single-family villa on a wonderful plot measuring 3,000 m² in an exclusive area with stunning views of Pardo on the Casaq...   Luxury","913570990"
"Flat / Apartment in Fuentelarreina, Madrid","https://www.idealista.com//en/inmueble/86911156/","995,000€","4 bed 365 m² Floor 1 exterior with lift","PUERTA DE HIERRO REAL ESTATE sells this property: In Puerta de Hierro, one of the quietest luxury residential areas and close to the cit...   Luxury","917365385"
"Semi-detached house in Conde Orgaz-Piovera, Madrid","https://www.idealista.com//en/inmueble/86790166/","1,350,000€","4 bed 370 m²","Suma Real Estate Conde de Orgaz - Arturo Soria offers you this property with reference 13204: Semi-detached house in Conde de Orgaz with...   Luxury","910751659"
"Flat / Apartment in Malasaña-Universidad, Madrid","https://www.idealista.com//en/inmueble/86432015/","1,995,000€","4 bed 317 m² Floor 2 exterior with lift","GRANDES VIVIENDAS REAL ESTATE sells this property: In the best location of the Barrio Justicia, one of the most classic and most demande...   Luxury","917365385"
"Flat / Apartment in Castellana, Madrid","https://www.idealista.com//en/inmueble/86309846/","1,290,000€","3 bed 180 m² Floor 2 exterior without lift","In the neighborhood of Salamanca is this great apartment located in a unique building dating from 1900. The distribution is as follows;...   Luxury","915775642"
"Flat / Apartment in Recoletos, Madrid","https://www.idealista.com//en/inmueble/86252127/","4,350,000€","5 bed 391 m² Floor 2 exterior with lift","The best materials on the market have been used in the renovation, taking care of all the finishes to the last detail, using marbles, Ita...   Luxury","915775642"
"Terraced house in El Viso, Madrid","https://www.idealista.com//en/inmueble/86162829/","3,250,000€","2 bed 432 m²","Super villa distributed on four floors with elevator, located in a very well connected area with all kinds of services nearby. To emphas...   Luxury","915775642"
"Flat / Apartment in Recoletos, Madrid","https://www.idealista.com//en/inmueble/86077565/","3,000,000€","4 bed 226 m² Floor 5 exterior with lift","Spectacular completely renovated apartment located in a building from the 60s and located a few meters from Serrano Street, Puerta de Alc...   Luxury","915775642"
"Flat / Apartment in Castellana, Madrid","https://www.idealista.com//en/inmueble/85708263/","990,000€","3 bed 144 m² Floor 1 exterior with lift","Magnificent three-bedroom luxury home for sale in Madrid, commercialized by Larvia. The property is completely renovated, brand new and i...   Luxury","912771071"
"Flat / Apartment in Recoletos, Madrid","https://www.idealista.com//en/inmueble/84613726/","2,400,000€","4 bed 242 m² Floor 4 exterior with lift","Spectacular apartment completely renovated, with the best qualities of the market, located in the Recoletos neighborhood a few meters fro...   Luxury","915775642"
"Flat / Apartment in Almagro, Madrid","https://www.idealista.com//en/inmueble/84418233/","1,940,000€","3 bed 239 m² Floor 4 exterior with lift","In the area of Almagro in the heart of Chamberí is this house of new construction in fully renovated building which highlights the high q...   Luxury","915775642"
"Flat / Apartment in Recoletos, Madrid","https://www.idealista.com//en/inmueble/83294531/","2,550,000€","4 bed 220 m² Floor 2 exterior with lift","In a privileged location, in the neighborhood of Salamanca, a few meters from the Serrano and Goya streets, is this great apartment. The...   Luxury","915775642"
"Flat / Apartment in Recoletos, Madrid","https://www.idealista.com//en/inmueble/40487145/","4,900,000€","5 bed 645 m² Floor 2 exterior with lift","Spectacular apartment in a classic building and very representative of the early twentieth century. Located a few meters from the Retiro...","915775642"
"Detached house in El Plantío, Madrid","https://www.idealista.com//en/inmueble/40118923/","1,900,000€","6 bed 635 m²","A wonderful 635 m² single-family villa on an enclosed 2,500 m² plot with 24-hour security on the prestigious La Florida Residential Estat...   Luxury","913570990"
"Detached house in El Plantío, Madrid","https://www.idealista.com//en/inmueble/38487702/","2,500,000€","5 bed 900 m²","Exclusive 900 m² single family home on a 2,000 m² plot in a privileged location on the La Florida residential estate. Excellent quality m...   Luxury","913570990"
"Penthouse in Recoletos, Madrid","https://www.idealista.com//en/inmueble/89694108/","920,000€","1 bed 164 m² Floor 7 interior with lift","Promora Madrid is selling a penthouse-duplex in the Barrio de Salamanca-Recoletos area. A 164 m2 flat on two floors, 1 en suite bedroom,...","914310431"
"Flat / Apartment in Castellana, Madrid","https://www.idealista.com//en/inmueble/89371098/","880,000€","2 bed 167 m² Floor 5 exterior with lift","In the Salamanca district, in the Castellana area, Única Inmobiliaria presents a flat in a representative building from 1928 with a beaut...   Luxury","911363092"
"Flat / Apartment in Bernabéu-Hispanoamérica, Madrid","https://www.idealista.com//en/inmueble/88967873/","870,000€","5 bed 204 m² Floor 1 exterior with lift","Promora Madrid is selling a 204 square metre flat in Barrio de Chamartín, Bernabéu-Hispanoamérica area. Four bedrooms, two bathrooms, and...   Luxury","914310431"
"Flat / Apartment in Pilar, Madrid","https://www.idealista.com//en/inmueble/88764975/","285,000€","4 bed 95 m² Floor 4 exterior with lift","Gilmar Consulting Inmobiliaria Castellana-Orense (915830333) offers this great exterior apartment, bright and quiet, for sale to enter to...","916353716"
"Flat / Apartment in Fontarrón, Madrid","https://www.idealista.com//en/inmueble/88710084/","185,000€","4 bed 100 m² Floor 1 exterior without lift","FLAT IN FONTARRÓN 4 bedroom apartment in Fontarrón Large house totally exterior, very bright and with very good distribution thanks to i...","916350435"
"Flat / Apartment in Recoletos, Madrid","https://www.idealista.com//en/inmueble/88590077/","1,450,000€","4 bed 231 m² Floor 1 exterior with lift","Promora Madrid is selling a 231 m2 flat in the Barrio de Salamanca-Recoletos area. 3 bedrooms. The property currently needs updating. Thi...","914310431"
"Flat / Apartment in Castellana, Madrid","https://www.idealista.com//en/inmueble/88460833/","960,000€","3 bed 136 m² Floor 2 exterior with lift","Brand new luxury exterior apartment in a representative farm in the best area of Salamanca-Castellana, with direct access garage. The far...   Luxury","918003164"
"Detached house in Peñagrande, Madrid","https://www.idealista.com//en/inmueble/88094203/","759,000€","5 bed 371 m²","GILMAR MIRASIERRA & PUERTA DE HIERRO, offers you a large independent villa in Peñagrande of 371 m2 on a plot of 416 m2 spread over 4 floo...   Luxury","912787208"
"Flat / Apartment in Arapiles, Madrid","https://www.idealista.com//en/inmueble/87855680/","899,000€","3 bed 189 m² Floor 5 exterior with lift","Luminous flat for sale in Arapiles (Madrid) The property of 189sqm is located in the neighborhood of Arapiles very close to Plaza de Quev...   Luxury","918006403"
"Flat / Apartment in Recoletos, Madrid","https://www.idealista.com//en/inmueble/86430220/","1,850,000€","3 bed 241 m² Floor 3 exterior with lift","Engel & Völkers presents this magnificent house located in one of the best situated and quietest streets of the Recoletos district, a sto...   Luxury","914892842"
"Flat / Apartment in Sol, Madrid","https://www.idealista.com//en/inmueble/84919375/","570,000€","2 bed 104 m² Floor 2 exterior with lift","The house of 104 m² is located on the second floor with elevator of a building dating from 1935, recently completely renovated, preservin...   Luxury","918003164"
"Detached house in Conde Orgaz-Piovera, Madrid","https://www.idealista.com//en/inmueble/38863697/","3,850,000€","7 bed 800 m²","QUARTIERS Real Estate Experts. INTERNATIONAL PROPERTY AGENCY presents: Detached villa of recent construction with modern and contemporar...   Luxury","910759315"
"Flat / Apartment in Mirasierra, Madrid","https://www.idealista.com//en/inmueble/89746341/","860,000€","4 bed 220 m² Floor 3 exterior with lift","Gilmar Mirasierra & Puerta de Hierro, offers you exclusively this magnificent home, in one of the best developments in Mirasierra, with g...   Luxury","912787208"
"Detached house in Aravaca, Madrid","https://www.idealista.com//en/inmueble/89009977/","1,280,000€","4 bed 422 m²","Description of Detached Villa in Aravaca Detached 3 + 1 bedroom villa in Aravaca Great independent house with large spaces, bright, wit...   Luxury","916358073"
"Flat / Apartment in Bernabéu-Hispanoamérica, Madrid","https://www.idealista.com//en/inmueble/88987766/","1,400,000€","6 bed 264 m² Floor 5 exterior with lift","FLAT IN HISPANOAMÉRICA 5 bedroom apartment in Latin America Magnificent manor house to reform with many possibilities. Exterior, with la...","912669251"
"Flat / Apartment in Mirasierra, Madrid","https://www.idealista.com//en/inmueble/88961372/","1,430,000€","7 bed 339 m² Floor 4 exterior with lift","GILMAR MIRASIERRA & PUERTA DE HIERRO presents this UNIQUE apartment in Mirasierra.New construction almost brand new, equipped with all th...   Luxury","912787208"
"Flat / Apartment in Cuzco-Castillejos, Madrid","https://www.idealista.com//en/inmueble/88773282/","1,100,000€","3 bed 198 m² Floor 6 exterior with lift","Gilmar Consulting Real Estate Castellana-Orense (915830333) puts on sale this magnificent renovated house with first quality, ready to re...   Luxury","916353716"
"Semi-detached house in Aravaca, Madrid","https://www.idealista.com//en/inmueble/88280978/","985,000€","4 bed 374 m²","Gilmar Consulting Real Estate offers you to purchase a semi-detached house in the quietest area and close to the town center of Aravaca....","916358073"
"Flat / Apartment in Estrella, Madrid","https://www.idealista.com//en/inmueble/88061867/","850,000€","4 bed 200 m² Floor 6 exterior with lift","STAR FLOOR 4 bedroom apartment in Estrella Magnificent exterior floor, upstairs, very bright and with fantastic views, in perfect conditi...   Luxury","916350435"
"Flat / Apartment in Aravaca, Madrid","https://www.idealista.com//en/inmueble/87785312/","690,000€","3 bed 222 m² Floor 1 exterior with lift","Description of Flat in Aravaca center Great exterior apartment very spacious, bright, in good condition, north facing, very well located...","916358073"
"Duplex in Cuzco-Castillejos, Madrid","https://www.idealista.com//en/inmueble/87174593/","1,225,000€","4 bed 295 m² Floor 5 exterior with lift","Gilmar Consulting Inmobiliaria Castellana-Orense (915830333) offers this wonderful duplex for sale in the area of Castellana Orense, in t...   Luxury","916353716"
"Flat / Apartment in Recoletos, Madrid","https://www.idealista.com//en/inmueble/85931520/","3,000,000€","4 bed 226 m² Floor 5 exterior with lift","Spectacular flat with terrace for sale in Recoletos (Madrid) Spectacular property os 226sqm completely renovated, located on a fifth floo...   Luxury","918006403"
"Flat / Apartment in Aravaca, Madrid","https://www.idealista.com//en/inmueble/85791615/","790,000€","3 bed 144 m² Floor 1 exterior with lift","Gilmar consulting real estate puts on sale magnificent apartment in Aravaca. Flat in one of the best areas of Aravaca in gated urbanizat...   Luxury","916358073"
"Flat / Apartment in Chueca-Justicia, Madrid","https://www.idealista.com//en/inmueble/84070190/","575,000€","1 bed 85 m² Floor 2 exterior with lift","Gilmar Consulting Inmobiliario is pleased to present you this excellent apartment located in the best neighborhood in the center of Madri...","916353741"
"Flat / Apartment in Chueca-Justicia, Madrid","https://www.idealista.com//en/inmueble/81394500/","749,000€","2 bed 123 m² Floor 1 exterior with lift","Gilmar Consulting Inmobiliario offers you this beautiful apartment of 123 square meters according to cadastre in one of the fashionable d...","916353741"
"Terraced house in Fuentelarreina, Madrid","https://www.idealista.com//en/inmueble/90029388/","750,000€","5 bed 233 m²","Gilmar mirasierra presents this magnificent semi-detached house in Fuentelareina, next to the soccer field and the federation golf course...   Luxury","912787208"
"Flat / Apartment in Valdemarín, Madrid","https://www.idealista.com//en/inmueble/90010629/","960,000€","5 bed 225 m² Floor 3 exterior with lift","Impeccable 5-bedroom apartment of 225 m2 (with a terrace of 12 m2) in one of the best urbanizations in Valdemarín. In 2010 a comprehensiv...   Luxury","912660937"
"Flat / Apartment in Cuatro Caminos, Madrid","https://www.idealista.com//en/inmueble/90010587/","1,425,000€","4 bed 203 m² Floor 14 exterior with lift","Spectacular apartment of 203m2 built, recently renovated on a whim. With unbeatable qualities and finishes... Distribution:. Spacious hal...   Luxury","912660937"
"House in Aravaca, Madrid","https://www.idealista.com//en/inmueble/90010518/","850,000€","6 bed 410 m²","Semi-detached house in Aravaca of 410m2 built on a plot of 364m2. The house is distributed over three floors... Main floor: Spacious and...   Luxury","912660937"
"Flat / Apartment in Lavapiés-Embajadores, Madrid","https://www.idealista.com//en/inmueble/90010454/","1,000,000€","3 bed 224 m² Floor 1 exterior without lift","Located very close to the famous neighborhood of letters and La Plaza de Jacinto Benavente, we find this Spectacular 224m2 Apartment with...   Luxury","912660937"
"Penthouse in Aravaca, Madrid","https://www.idealista.com//en/inmueble/89926390/","1,200,000€","4 bed 240 m² Floor 2 exterior with lift","Fantastic Penthouse of 240 m2 with Magnificent terrace of 100m2 in gated community with 24H security and very large common areas... In on...   Luxury","912660937"
"Flat / Apartment in Almagro, Madrid","https://www.idealista.com//en/inmueble/89880413/","870,000€","3 bed 157 m² Floor 2 interior with lift","Promora Madrid sells 157-meter apartment to reform in Almagro (Chamberí). Entrance hall, living room, 3 bedrooms, 2 bathrooms, garage and...","914310431"
"Detached house in Peñagrande, Madrid","https://www.idealista.com//en/inmueble/89842068/","750,000€","6 bed 210 m²","GILMAR MIRASIERRA & PUERTA DE HIERRO, presents this functional and beautiful 210 m2 house on a 197 m2 plot.It was completely rehabilitate...   Luxury","912787208"
"Detached house in Ciudad Universitaria, Madrid","https://www.idealista.com//en/inmueble/89774391/","1,900,000€","5 bed 703 m²","GILMAR MIRASIERRA & PUERTA DE HIERRO presents this magnificent and representative 703 m² detached villa on a plot of more than 1.000 m² l...   Luxury","912787208"
"Flat / Apartment in Arcos, Madrid","https://www.idealista.com//en/inmueble/89758211/","458,000€","4 bed 151 m² Floor 1 exterior with lift","GILMAR Consulting Inmobiliario Madrid, Avenida America, sells in this best area of Las Rosas surrounded by parks and green areas, this im...","912669256"
"Flat / Apartment in Conde Orgaz-Piovera, Madrid","https://www.idealista.com//en/inmueble/89223113/","615,000€","3 bed 134 m² Floor 3 exterior with lift","DE SALAS CONDE ORGAZ REF: MAV02364 De Salas Real estate consultants presents EXCLUSIVELY this wonderful three bedroom apartment in one of...","912665287"
"Terraced house in Conde Orgaz-Piovera, Madrid","https://www.idealista.com//en/inmueble/88670475/","1,350,000€","5 bed 429 m²","QUARTIERS Real Estate Experts. Agents Inmobiliers Français. Real Estate Services Quartiers presents this semi-detached house located in...   Luxury","910759315"
"Detached house in Conde Orgaz-Piovera, Madrid","https://www.idealista.com//en/inmueble/88532058/","2,450,000€","4 bed 501 m²","OF CONDE ORGAZ ROOMS REF: MAV02355 DE SALAS CONSULTORES INMOBILIARIOS presents this independent villa for sale to reform on a wonderful p...   Luxury","912665287"
"Detached house in Conde Orgaz-Piovera, Madrid","https://www.idealista.com//en/inmueble/85214656/","1,950,000€","13 bed 654 m²","QUARTIERS Real Estate Experts. Agents Realtors Français. Real Estate Services. In one of the most privileged areas of the Conde de Orgaz...","910759315"
"Flat / Apartment in Media Legua, Madrid","https://www.idealista.com//en/inmueble/89692942/","400,000€","3 bed 110 m² Floor 6 exterior with lift","Apartment in Moratalaz-Medialegua of 110 m2, 3 bedrooms, 2 bathrooms, kitchen, exterior, very bright, east facing, 1 garage space and ind...","916350435"
"Flat / Apartment in Recoletos, Madrid","https://www.idealista.com//en/inmueble/89694111/","1,600,000€","4 bed 200 m² Floor 1 interior with lift","Promora Madrid sells an apartment in the Salamanca-Recoletos neighborhood of 200m2, 4 bedrooms, 1 bathroom plus a guest toilet. The dwell...","914310431"
"Detached house in Bernabéu-Hispanoamérica, Madrid","https://www.idealista.com//en/inmueble/89693943/","2,275,000€","5 bed 360 m²","El Viso Inmobiliaria offers an independent design villa of 320 m2c. plus 40 terrace with 4 bedrooms plus one for service. It is developed...   Luxury","914892514"
"Flat / Apartment in Chueca-Justicia, Madrid","https://www.idealista.com//en/inmueble/89618392/","1,330,000€","3 bed 177 m² Floor 3 exterior with lift","Promora Madrid sells a brand new apartment of 177 meters in Justicia. Large living-dining room with integrated kitchen, 3 bedrooms, 3 bat...   Luxury","914310431"
"Flat / Apartment in Tres Olivos - Valverde, Madrid","https://www.idealista.com//en/inmueble/89407400/","199,000€","2 bed 85 m² Ground floor exterior without lift","GILMAR MIRASIERRA & PUERTA DE HIERRO offers you this spacious two bedroom apartment. Totally exterior, even being a low, it has height ab...","912787208"
"Flat / Apartment in Malasaña-Universidad, Madrid","https://www.idealista.com//en/inmueble/89207973/","1,274,000€","2 bed 215 m² Floor 1 exterior with lift","Engel & Völkers sells this magnificent and modern design home in one of the best areas of the Universidad district (Malasaña). It is loca...   Luxury","914892842"
"Detached house in Conde Orgaz-Piovera, Madrid","https://www.idealista.com//en/inmueble/39452431/","3,500,000€","7 bed 724 m²","Ref.01224.SPI REAL ESTATE, offers this splendid INDEPENDENT CHALET.very special, with style and a lot of personality, very careful, with...   Luxury","914871327"
"Flat / Apartment in Bernabéu-Hispanoamérica, Madrid","https://www.idealista.com//en/inmueble/88967872/","820,000€","3 bed 117 m² Floor 2 exterior with lift","Promora Madrid is selling a 135 m2 flat in Barrio de Chamartín, Bernabéu - Hispanoamérica area. 3 bedrooms, 2 bathrooms, a storeroom, a g...   Luxury","914310431"
"Flat / Apartment in Guindalera, Madrid","https://www.idealista.com//en/inmueble/88923872/","725,000€","2 bed 145 m² Floor 4 exterior with lift","Gilmar offers fantastic home of 145 m2 in the best area of Guindalera, in the Salamanca district. Its location is unbeatable for its surr...","912669256"
"Flat / Apartment in Chueca-Justicia, Madrid","https://www.idealista.com//en/inmueble/88921849/","695,000€","2 bed 77 m² Floor 3 exterior with lift","Promora Madrid is selling a 260 square metre flat in Barrio de Salamanca (Castellana). A living room, dining room, lounge, 3 bedrooms, 3...","914310431"
"Penthouse in Peñagrande, Madrid","https://www.idealista.com//en/inmueble/88916452/","430,000€","3 bed 128 m² Floor 3 exterior without lift","GILMAR MIRASIERRA & PUERTA DE HIERR0 presents this magical penthouse in the residential area of Peñagrande.The house, located on a third...","912787208"
"Flat / Apartment in Chueca-Justicia, Madrid","https://www.idealista.com//en/inmueble/88818619/","1,000,000€","4 bed 160 m² Floor 3 exterior with lift","Promora is selling an updated flat in the Justicia area. 4 bedrooms, 3 bathrooms and a concierge. A fantastic flat with a brand new renov...   Luxury","914310431"
"Flat / Apartment in Prosperidad, Madrid","https://www.idealista.com//en/inmueble/88817557/","685,000€","3 bed 137 m² Floor 10 exterior with lift","Housing in urbanization, in the best area of the Prosperidad neighborhood. Great property on Padre Claret street, which is located in th...","912669256"
"Detached house in Fuentelarreina, Madrid","https://www.idealista.com//en/inmueble/88764163/","2,800,000€","7 bed 899 m²","GILMAR MIRAISERRA & PUERTA DE HIERRO. In the most privileged residential environment of the capital, Puerta de Hierro, surrounded by gree...   Luxury","912787208"
"Detached house in Tres Olivos - Valverde, Madrid","https://www.idealista.com//en/inmueble/88740989/","1,975,000€","7 bed 710 m²","Gilmar Mirasierra & Puerta de Hierro, presents this impressive independent house in Urbanization Nuevo toboso, Tres Olivos.It has a const...   Luxury","912787208"
"Terraced house in Nueva España, Madrid","https://www.idealista.com//en/inmueble/88687238/","2,550,000€","7 bed 575 m²","LuxHOME SELLS LUXURY TOWNHOUSE We offer this house in an extremely exclusive urbanization, with a large green area in which a fantastic a...   Luxury","914895946"
"Penthouse in Cuatro Caminos, Madrid","https://www.idealista.com//en/inmueble/88637800/","1,895,000€","4 bed 320 m² Floor 8 exterior with lift","Promora Madrid is selling a 320 m2 penthouse in Barrio de Tetuán, Cuatro Caminos area. 3 bedrooms, 3 bathrooms, and a bedroom and bathroo...   Luxury","914310431"
"Flat / Apartment in La Paz, Madrid","https://www.idealista.com//en/inmueble/88594106/","550,000€","4 bed 153 m² Floor 12 exterior with lift","Gilmar Mirarisrra presents this magnificent apartment Flat in La Paz - Madrid of 153 m2, 4 bedrooms, 2 bathrooms, with terrace, totally e...   Luxury","912787208"
"Flat / Apartment in Castellana, Madrid","https://www.idealista.com//en/inmueble/88565654/","865,000€","2 bed 158 m² Floor 5 exterior with lift","Unique Real Estate presents beautiful renovated apartment about 10 years ago, located in a classic 1920 estate, in the Salamanca district...   Luxury","911363092"
"Duplex in Nueva España, Madrid","https://www.idealista.com//en/inmueble/88506423/","2,500,000€","3 bed 275 m² Ground floor exterior with lift","Promora Madrid is selling a 275 m2 duplex in Barrio de Chamartín, Nueva España area. 3 bedrooms, 2 bathrooms plus a guest toilet, 3 garag...   Luxury","914310431"
"Flat / Apartment in Imperial, Madrid","https://www.idealista.com//en/inmueble/88429912/","149,000€","1 bed 34 m² Ground floor exterior without lift","Great apartment completely renovated to move into. With a very good situation, just 10 minutes walk from Puerta de Toledo, Barrio de La L...","912666718"
"Detached house in Ciudad Universitaria, Madrid","https://www.idealista.com//en/inmueble/88366982/","1,850,000€","6 bed 623 m²","Gilmar Consulting Inmobiliaria Castellana-Orense (915830333) offers this fantastic 6 bedroom detached house for sale in Puerta de Hierro....   Luxury","916353716"
"Flat / Apartment in Nuevos Ministerios-Ríos Rosas, Madrid","https://www.idealista.com//en/inmueble/85391910/","680,000€","3 bed 142 m² Floor 2 exterior with lift","The only real estate Chamberí 91 591 97 00 offers excellent housing with comprehensive reform, furnished, to enter to live. Exclusive des...","918001389"
"Terraced house in Conde Orgaz-Piovera, Madrid","https://www.idealista.com//en/inmueble/88151046/","2,300,000€","5 bed 450 m²","Estate One offers this impeccable terraced house on the prestigious Avda. de los Madroños, in front of the Juan Pablo II park, with very...   Luxury","629204026"
"Flat / Apartment in Ciudad Universitaria, Madrid","https://www.idealista.com//en/inmueble/87642767/","635,000€","4 bed 166 m² Floor 2 exterior with lift","GILMAR MIRASIERRA & PUERTA DE HIERRO, offers you the opportunity to buy this excellent house of 166m2, with 4 bedrooms and three bathroom...","912787208"
"Duplex in Bellas Vistas, Madrid","https://www.idealista.com//en/inmueble/87536340/","295,000€","1 bed 215 m² Floor 1 exterior without lift","Gilmar Consulting Inmobiliaria Castellana-Orense (915830333) offers this magnificent loft for sale on two floors with premises / office....","916353716"
"Semi-detached house in Peñagrande, Madrid","https://www.idealista.com//en/inmueble/87411767/","990,000€","6 bed 513 m²","GILMAR MIRASIERRA & PUERTA DE HIERRO presents this unique 513 m² villa on a 322 m² plot with 6 bedrooms, 5 bathrooms and 3 living rooms.I...   Luxury","912787208"
"Flat / Apartment in Recoletos, Madrid","https://www.idealista.com//en/inmueble/86953625/","1,350,000€","3 bed 222 m² Floor 3 exterior with lift","Property located on a farm with carriage passage in one of the most prestigious residential areas of the capital, next to the Retiro Park...","911363092"
"Detached house in Conde Orgaz-Piovera, Madrid","https://www.idealista.com//en/inmueble/86832823/","1,950,000€","6 bed 592 m²","Housing in the park count orgaz of 592m2 on 2 floors, on a plot of 1.564m2In unbeatable location. The villa needs updating and has a fair...","912171651"
"Flat / Apartment in Bernabéu-Hispanoamérica, Madrid","https://www.idealista.com//en/inmueble/86504142/","728,000€","4 bed 128 m² Floor 1 exterior with lift","Promora Madrid is selling a flat in Chamartín, Nueva España area. 3 bedrooms, 2 bathrooms, and a bedroom and bathroom for the staff. A ma...","914310431"
"Flat / Apartment in Lista, Madrid","https://www.idealista.com//en/inmueble/86438293/","769,000€","4 bed 120 m² Floor 4 exterior with lift","Great home located in the Salamanca district, next to the Plaza del Marques de Salamanca, ideal, commercial, quiet area. It is in perfect...   Luxury","912176735"
"Flat / Apartment in Recoletos, Madrid","https://www.idealista.com//en/inmueble/86308196/","2,150,000€","5 bed 329 m² Floor 1 exterior with lift","In the Prime area of Recoletos Única Inmobiliaria it presents a 329 m² house located throughout the plant. It has a large terrace of 100...","911363092"
"Flat / Apartment in Recoletos, Madrid","https://www.idealista.com//en/inmueble/86203029/","3,000,000€","4 bed 226 m² Floor 5 exterior with lift","Housing located a few meters from the Serrano street, the Puerta de Alcalá and the Retiro Park. Modern building with representative porta...   Luxury","911363092"
